{
	"command.clone": "Клонировать",
	"command.init": "Инициализировать репозиторий",
	"command.refresh": "Обновить",
	"command.openChange": "Открыть изменения",
	"command.openFile": "Открыть файл",
	"command.stage": "Хранить промежуточные изменения",
	"command.stageAll": "Хранить все промежуточные изменения",
	"command.stageSelectedRanges": "Разместить выбранные диапазоны",
	"command.revertSelectedRanges": "Отменить выбранные диапазоны",
	"command.unstage": "Отменить хранение промежуточных изменений",
	"command.unstageAll": "Отменить хранение всех промежуточных изменений",
	"command.unstageSelectedRanges": "Отменить размещение выбранных диапазонов",
	"command.clean": "Отменить изменения",
	"command.cleanAll": "Отменить все изменения",
	"command.commit": "Commit",
	"command.commitStaged": "Зафиксировать промежуточно сохраненные изменения",
	"command.commitStagedSigned": "Зафиксировать промежуточные элементы (завершено)",
	"command.commitAll": "Зафиксировать все",
	"command.commitAllSigned": "Зафиксировать все (завершено)",
	"command.undoCommit": "Отменить последнюю фиксацию",
	"command.checkout": "Извлечь в...",
	"command.branch": "Создать ветвь...",
	"command.pull": "Получить",
	"command.pullRebase": "Получить (переместить изменения из одной ветви в другую)",
	"command.push": "Отправить",
	"command.pushTo": "Отправить в:",
	"command.sync": "Синхронизация",
	"command.publish": "Опубликовать",
	"command.showOutput": "Показать выходные данные GIT",
	"config.enabled": "Включен ли GIT",
	"config.path": "Путь к исполняемому файлу GIT",
	"config.autorefresh": "Включено ли автоматическое обновление",
	"config.autofetch": "Включено ли автоматическое получение",
	"config.enableLongCommitWarning": "Следует ли предупреждать о длинных сообщениях о фиксации",
	"config.confirmSync": "Подтвердите синхронизацию репозиториев GIT.",
	"config.countBadge": "\nУправляет счетчиком Git. При указании значения \"all\" подсчитываются все изменения, при указании значения \"tracked\" — только отслеживаемые изменения, при указании значения \"off\" счетчик отключается.",
	"config.checkoutType": "Определяет типы ветвей, которые выводятся при выборе пункта меню \"Извлечь в...\". При указании значения \"all\" отображаются все ссылки, \"local\" — только локальные ветви, \"tags\" — только теги, а \"remote\" — только удаленные ветви.",
	"config.ignoreLegacyWarning": "Игнорирует предупреждение об устаревшей версии Git",
	"config.ignoreLimitWarning": "Игнорировать предупреждение, когда в репозитории слишком много изменений"
}