{
	"typescript.reloadProjects.title": "Recharger le projet",
	"javascript.reloadProjects.title": "Recharger le projet",
	"configuration.typescript": "TypeScript",
	"typescript.useCodeSnippetsOnMethodSuggest.dec": "Fonctions complètes avec leur signature de paramètre.",
	"typescript.tsdk.desc": "Spécifie le chemin de dossier contenant les fichiers tsserver et lib*.d.ts à utiliser.",
	"typescript.disableAutomaticTypeAcquisition": "Désactive l'acquisition de type automatique. Nécessite TypeScript >= 2.0.6 et un redémarrage, une fois le changement effectué.",
	"typescript.check.tscVersion": "Vérifiez si un compilateur TypeScript installé globalement (par exemple tsc) est différent du service de langage TypeScript.",
	"typescript.tsserver.log": "Active la journalisation du serveur TS dans un fichier. Ce journal peut être utilisé pour diagnostiquer les problèmes du serveur TS. Il peut contenir des chemins de fichier, du code source et d'autres informations potentiellement sensibles de votre projet.",
	"typescript.tsserver.trace": "Active le traçage des messages envoyés au serveur TS. Cette trace peut être utilisée pour diagnostiquer les problèmes du serveur TS. Elle peut contenir des chemins de fichier, du code source et d'autres informations potentiellement sensibles de votre projet.",
	"typescript.tsserver.experimentalAutoBuild": "Active la build automatique expérimentale. Nécessite la version 1.9 dev ou 2.x tsserver et le redémarrage du code VS une fois celui-ci modifié.",
	"typescript.validate.enable": "Activez/désactivez la validation TypeScript.",
	"typescript.format.enable": "Activez/désactivez le formateur TypeScript par défaut.",
	"javascript.format.enable": "Activez/désactivez le formateur JavaScript par défaut.",
	"format.insertSpaceAfterCommaDelimiter": "Définit le traitement des espaces après une virgule de délimitation.",
	"format.insertSpaceAfterSemicolonInForStatements": " Définit le traitement des espaces après un point-virgule dans une instruction for.",
	"format.insertSpaceBeforeAndAfterBinaryOperators": "Définit le traitement des espaces après un opérateur binaire.",
	"format.insertSpaceAfterKeywordsInControlFlowStatements": "Définit la gestion des espaces après les mots clés dans une instruction de flux de contrôle.",
	"format.insertSpaceAfterFunctionKeywordForAnonymousFunctions": "Définit le traitement des espaces après le mot clé function pour les fonctions anonymes.",
	"format.insertSpaceBeforeFunctionParenthesis": "Définit la gestion des espaces avant les parenthèses des arguments d'une fonction. Nécessite TypeScript >= 2.1.5.",
	"format.insertSpaceAfterOpeningAndBeforeClosingNonemptyParenthesis": "Définit le traitement des espaces après l'ouverture et avant la fermeture de parenthèses non vides.",
	"format.insertSpaceAfterOpeningAndBeforeClosingNonemptyBrackets": "Définit le traitement des espaces après l'ouverture et avant la fermeture de crochets non vides.",
	"format.insertSpaceAfterOpeningAndBeforeClosingNonemptyBraces": "Définit la gestion de l'espace après l'ouverture et avant la fermeture des accolades non vides. Nécessite TypeScript >= 2.3.0.",
	"format.insertSpaceAfterOpeningAndBeforeClosingTemplateStringBraces": "Définit la gestion de l'espace après l'ouverture et avant la fermeture des accolades de la chaîne de modèle. Nécessite TypeScript >= 2.0.6.",
	"format.insertSpaceAfterOpeningAndBeforeClosingJsxExpressionBraces": "Définit la gestion de l'espace après l'ouverture et avant la fermeture des accolades de l'expression JSX. Nécessite TypeScript >= 2.0.6.",
	"format.placeOpenBraceOnNewLineForFunctions": "Définit si une accolade ouvrante dans une fonction est placée ou non sur une nouvelle ligne.",
	"format.placeOpenBraceOnNewLineForControlBlocks": "Définit si une accolade ouvrante dans un bloc de contrôle est placée ou non sur une nouvelle ligne.",
	"javascript.validate.enable": "Activez/désactivez la validation JavaScript.",
	"typescript.goToProjectConfig.title": "Accéder à la configuration du projet",
	"javascript.goToProjectConfig.title": "Accéder à la configuration du projet",
	"typescript.referencesCodeLens.enabled": "Activer/désactiver CodeLens dans les références. Nécessite TypeScript >= 2.0.6.",
	"typescript.implementationsCodeLens.enabled": "Activer/désactiver CodeLens dans les implémentations. Nécessite TypeScript >= 2.2.0.",
	"typescript.openTsServerLog.title": "Ouvrir le fichier journal du serveur TS",
	"typescript.selectTypeScriptVersion.title": "Sélectionner la version de TypeScript",
	"jsDocCompletion.enabled": "Activer/désactiver les commentaires JSDoc automatiques",
	"javascript.implicitProjectConfig.checkJs": "Activer/désactiver la vérification sémantique des fichiers JavaScript. Les fichiers jsconfig.json ou tsconfig.json existants remplacent ce paramètre. Nécessite TypeScript >=2.3.1.",
	"typescript.check.npmIsInstalled": "Vérifie si NPM est installé pour l'acquisition automatique des typages"
}