{
	"typescript.reloadProjects.title": "Projekt erneut laden",
	"javascript.reloadProjects.title": "Projekt erneut laden",
	"configuration.typescript": "TypeScript",
	"typescript.useCodeSnippetsOnMethodSuggest.dec": "Vervollständigen Sie Funktionen mit deren Parametersignatur.",
	"typescript.tsdk.desc": "Gibt den Ordnerpfad mit den zu verwendenden tsserver- und lib*.d.ts-Dateien an.",
	"typescript.disableAutomaticTypeAcquisition": "Deaktiviert die automatische Typerfassung. Erfordert TypeScript >= 2.0.6 und einen Neustart nach der Änderung.",
	"typescript.check.tscVersion": "Überprüfen, ob sich ein global installierter TypeScript-Compiler (z. B. tsc) vom verwendeten TypeScript-Sprachdienst unterscheidet.",
	"typescript.tsserver.log": "Aktiviert die Protokollierung des TS-Servers in eine Datei. Mithilfe der Protokolldatei lassen sich Probleme beim TS-Server diagnostizieren. Die Protokolldatei kann Dateipfade, Quellcode und weitere potenziell sensible Informationen aus Ihrem Projekt enthalten.",
	"typescript.tsserver.trace": "Aktiviert die Ablaufverfolgung von an den TS-Server gesendeten Nachrichten. Mithilfe der Ablaufverfolgung lassen sich Probleme beim TS-Server diagnostizieren. Die Ablaufverfolgung kann Dateipfade, Quellcode und weitere potenziell sensible Informationen aus Ihrem Projekt enthalten.",
	"typescript.tsserver.experimentalAutoBuild": "Ermöglicht experimentelle automatische Buildvorgänge. Erfordert Version 1.9 dev oder 2.x tsserver sowie einen Neustart von VS Code nach der Änderung.",
	"typescript.validate.enable": "TypeScript-Überprüfung aktivieren/deaktivieren.",
	"typescript.format.enable": "Standardmäßigen TypeScript-Formatierer aktivieren/deaktivieren.",
	"javascript.format.enable": "Standardmäßigen JavaScript-Formatierer aktivieren/deaktivieren.",
	"format.insertSpaceAfterCommaDelimiter": "Definiert die Verarbeitung von Leerzeichen nach einem Kommatrennzeichen.",
	"format.insertSpaceAfterSemicolonInForStatements": " Definiert die Verarbeitung von Leerzeichen nach einem Semikolon in einer for-Anweisung.",
	"format.insertSpaceBeforeAndAfterBinaryOperators": "Definiert die Verarbeitung von Leerzeichen nach einem binären Operator.",
	"format.insertSpaceAfterKeywordsInControlFlowStatements": "Definiert die Verarbeitung von Leerzeichen nach Schlüsselwörtern in einer Flusssteuerungsanweisung.",
	"format.insertSpaceAfterFunctionKeywordForAnonymousFunctions": "Definiert die Verarbeitung von Leerzeichen nach einem Funktionsschlüsselwort für anonyme Funktionen.",
	"format.insertSpaceBeforeFunctionParenthesis": "Definiert die Verarbeitung von Leerzeichen vor Funktionsargumentklammern. Erfordert TypeScript >= 2.1.5.",
	"format.insertSpaceAfterOpeningAndBeforeClosingNonemptyParenthesis": "Definiert die Verarbeitung von Leerzeichen nach öffnenden und vor schließenden nicht leeren runden Klammern.",
	"format.insertSpaceAfterOpeningAndBeforeClosingNonemptyBrackets": "Definiert die Verarbeitung von Leerzeichen nach öffnenden und vor schließenden nicht leeren eckigen Klammern.",
	"format.insertSpaceAfterOpeningAndBeforeClosingNonemptyBraces": "Definiert die Verarbeitung von Leerzeichen nach öffnenden und vor schließenden geschweiften Klammern. Erfordert TypeScript 2.3.0 oder höher.",
	"format.insertSpaceAfterOpeningAndBeforeClosingTemplateStringBraces": "Definiert die Verarbeitung von Leerzeichen nach öffnenden und vor schließenden geschweiften Klammern für Vorlagenzeichenfolgen. Erfordert TypeScript >= 2.0.6.",
	"format.insertSpaceAfterOpeningAndBeforeClosingJsxExpressionBraces": "Definiert die Verarbeitung von Leerzeichen nach öffnenden und vor schließenden geschweiften Klammern für JSX-Ausdrücke. Erfordert TypeScript >= 2.0.6.",
	"format.placeOpenBraceOnNewLineForFunctions": "Definiert, ob eine öffnende geschweifte Klammer für Funktionen in eine neue Zeile eingefügt wird.",
	"format.placeOpenBraceOnNewLineForControlBlocks": "Definiert, ob eine öffnende geschweifte Klammer für Kontrollblöcke in eine neue Zeile eingefügt wird.",
	"javascript.validate.enable": "JavaScript-Überprüfung aktivieren/deaktivieren.",
	"typescript.goToProjectConfig.title": "Zur Projektkonfiguration wechseln",
	"javascript.goToProjectConfig.title": "Zur Projektkonfiguration wechseln",
	"typescript.referencesCodeLens.enabled": "Aktiviert oder deaktiviert CodeLens-Verweise. Erfordert TypeScript 2.0.6 oder höher.",
	"typescript.implementationsCodeLens.enabled": "Aktiviert oder deaktiviert CodeLens-Implementierungen. Erfordert TypeScript 2.2.0 oder höher.",
	"typescript.openTsServerLog.title": "TS Server-Protokolldatei öffnen",
	"typescript.selectTypeScriptVersion.title": "TypeScript-Version wählen",
	"jsDocCompletion.enabled": "Automatische JSDoc-Kommentare aktivieren/deaktivieren",
	"javascript.implicitProjectConfig.checkJs": "Aktiviert/deaktiviert die Semantikprüfung bei JavaScript-Dateien. Diese Einstellung wird von vorhandenen \"jsconfig.json\"- oder \"tsconfig.json\"-Dateien außer Kraft gesetzt. Erfordert TypeScript 2.3.1 oder höher.",
	"typescript.check.npmIsInstalled": "Überprüfen, ob NPM für automatische Typerfassung installiert ist"
}