[
  {
    "$id": "1",
    "$type": "SourceTree.Api.Host.Identity.Model.IdentityAccount, SourceTree.Api.Host.Identity",
    "IsDefault": false,
    "Authenticate": true,
    "HostInstance": {
      "$id": "2",
      "$type": "SourceTree.Host.Atlassianaccount.AtlassianAccountInstance, SourceTree.Host.AtlassianAccount",
      "Host": {
        "$id": "3",
        "$type": "SourceTree.Host.Atlassianaccount.AtlassianAccountHost, SourceTree.Host.AtlassianAccount",
        "Id": "atlassian account"
      },
      "BaseUrl": "https://id.atlassian.com/"
    },
    "Credentials": {
      "$id": "4",
      "$type": "SourceTree.Model.BasicAuthCredentials, SourceTree.Api.Account",
      "Username": "ramkumar.bangaru@gmail.com",
      "Email": null,
      "AvatarURL": null,
      "AuthenticationScheme": {
        "$type": "SourceTree.Model.BasicAuthAuthenticationScheme, SourceTree.Api.Account",
        "Value": "Username/Password",
        "Name": "Basic",
        "Description": "Password",
        "HeaderValuePrefix": "Basic",
        "UsernameIsRequired": true
      },
      "Id": "ramkumar.bangaru@gmail.com",
      "DisplayName": null
    }
  }
]